mof label, metal(s)
ABUWOJ_clean, Zn-O(H)-Zn
acs.inorgchem.5b02108_ic5b02108_si_002_clean, Ga-O(H)-Ga
acs.inorgchem.6b02413_ic6b02413_si_002_clean, Tb-O(H)-Tb
acs.jpcc.6b08594_UiO66_Ce2Zr4_opt_clean, Ce-O(H)-Zr, Zr-O(H)-Zr
AFOYAW_clean, Cu-O(H)-Cu
AGESIP_clean, Cu-O(H)-Cu
AGUVOO_charged, Cu-O(H)-Cu
AHOBEG_clean, Co-O(H)-Co
ALIXOJ_clean, Ni-O(H)-Ni
ALIXUP_clean, Cu-O(H)-Cu
ALOLIY_clean, Mn-O(H)-Mn
ALUJEX_clean, La-O(H)-La
ALUJIB_clean, Ce-O(H)-Ce
ANAWIX_clean, In-O(H)-In
ANAWOD_clean, In-O(H)-In
AQALIO_clean, Eu-O(H)-Sr
AQALOU_clean, Sr-O(H)-Gd
ASAHEJ_clean, U-O(H)-U
ASAJOU_clean, Ni-O(H)-Ni
ASIRUR_clean, Mn-O(H)-Mn
AWEBIO_charged, U-O(H)-U
AXUBOL_clean, Ni-O(H)-Ni
AYUWUM_clean, Na-O(H)-Na
BAKGAX_clean, Co-O(H)-Co
BAMKIM_clean, Cu-O(H)-Cu
BAMKOS_clean, Cu-O(H)-Cu
BAXSIE_clean, Mg-O(H)-Mg
BENXUP_clean, Zn-O(H)-Zn
BENZOL_clean, Sr-O(H)-Sr
BENZUR_clean, Ba-O(H)-Ba
BEPBAB_clean, Ca-O(H)-Ca
BEPREV01_clean, Ni-O(H)-Ni
BEPREV02_clean, Ni-O(H)-Ni
BEPREV03_clean, Ni-O(H)-Ni
BEPREV_clean, Ni-O(H)-Ni
BEPWEA_clean, Li-O(H)-Li
BIBXIV_clean, Ni-O(H)-Ni
BIBXOB_clean, Ni-O(H)-Ni
BIFKEI_clean, Cu-O(H)-Cu
BIQVII_clean, Ce-O(H)-Ce
BIRSEC_clean, Co-O(H)-Co
BIRSIG_clean, Ni-O(H)-Ni
BOHJOZ_auto, Zr-O(H)-Zr
BUCROH_charged, Ni-O(H)-Ni
BUCSEY_clean, Ni-O(H)-Ni
BUCSIC_charged, Co-O(H)-Co
BUCYAA_clean, Zn-O(H)-Zn
BUSQIQ_clean, Al-O(H)-Al
c5ce00677e_c5ce00677e2_clean, Cu-O(H)-Cu
c5cp03920g_c5cp03920g2_clean, Zr-O(H)-Zr
c5dt03091a_c5dt03091a2_clean, Er-O(H)-Er
CABQEB_clean, Co-O(H)-Co
CADPIH_clean, Ga-O(H)-Ga
CADPII_clean, Zn-O(H)-Zn
CAVMIW_clean, Fe-O(H)-Fe
CAVRAU_clean, Zn-O(H)-Zn
CAVREY_clean, Zn-O(H)-Zn
CAWVIH_SL, Zn-O(H)-Zn
CAXXEG_clean, Ni-O(H)-Ni
CAYKEU_clean, Pr-O(H)-Pr
CENJIQ_clean, Cu-O(H)-Cu
CENKAJ_clean, Cu-O(H)-Cu
CETGOY_clean, Ni-O(H)-Ni
CETHEQ_clean, Cu-O(H)-Cu
cg801164f_si_001_clean, Co-O(H)-Co
CIFMIP_clean, Co-O(H)-Co
CIQYUX_clean, Co-O(H)-Co
CISMEY01_clean, Cd-O(H)-Cd
CITZIP_manual, Co-O(H)-Co
CIZLEE_clean, Cd-O(H)-Cd
cm503311x_OH-mil-53-Al-lp-ortho_clean, Al-O(H)-Al
cm504350q_si_002_clean, Tb-O(H)-Tb
COGNAO_clean, Zn-O(H)-Zn
COMDOY_clean, Ga-O(H)-Ga
COVYIX_clean, Cu-O(H)-Cu
CUFJUK_clean, Co-O(H)-Co
CUWNIT_clean, Co-O(H)-Co
CUWNOZ_clean, Co-O(H)-Co
CUXDUU_clean, Ga-O(H)-Ga
CUZBUW_clean, Co-O(H)-Co
DALSAN_clean, Fe-O(H)-Fe
DEQFOU_clean, Cu-O(H)-Cu
DEXDER_clean, Cd-O(H)-K
DEYXIQ_clean, Co-O(H)-Co
DIBJIJ_clean, Eu-O(H)-Eu
DIRBIP_clean, Ga-O(H)-Ga
DIXKOL_clean, Co-O(H)-Co
DIZQOT_clean, Zn-O(H)-Co, Co-O(H)-Co
DOMKEX_clean, Na-O(H)-Na
DONNEA_clean, Ga-O(H)-Ga
DOTTEM_clean, Ga-O(H)-Ga
DOYBEA_clean, Al-O(H)-Al
EBANAY_clean, Sr-O(H)-Sr
EBIMEJ_clean, Co-O(H)-Co
ECEDAU_clean, Sr-O(H)-Sr
ECIWOC_clean, Zn-O(H)-Zn
ECIYEU_clean, Al-O(H)-Al
ECORIX_clean, Ni-O(H)-Ni
ECOROD_clean, Co-O(H)-Co
ECOSIY_clean, Co-O(H)-Co
EFEGOM_clean, Fe-O(H)-Fe
EFIMOV_clean, Na-O(H)-Na
EGELUY01_manual, Al-O(H)-Al
EGELUY_SL, Al-O(H)-Al
EHALOP_manual, Al-O(H)-Al
EHODOV_SL, In-O(H)-In
EKIJAL_clean, Ni-O(H)-Ni
EKIJEP01_clean, Co-O(H)-Co
EKIJEP_clean, Co-O(H)-Co
ELAZEX_clean, Cd-O(H)-Cd
ELOXIN_clean, Sr-O(H)-Sr
EMIYUW_clean, Zr-O(H)-Zr
EMIZAD_clean, Zr-O(H)-Zr
ENAFOP_ion_b, Na-O(H)-Na
EPECEJ_clean, Zn-O(H)-Zn
EQERAU_clean, Mg-O(H)-Mg
EQUBIC_clean, Tb-O(H)-Tb
EQUBOI_clean, Eu-O(H)-Eu
EQUBUO_clean, Gd-O(H)-Gd
ERUNIQ_clean, Co-O(H)-Co
ERUNOW_clean, Co-O(H)-Co
ESEVIH_clean, Zn-O(H)-Zn
ESIDOB_clean, In-O(H)-In
ESURER01_clean, Co-O(H)-Co
ESURER02_clean, Co-O(H)-Co
ESURER03_clean, Co-O(H)-Co
ESURER04_clean, Co-O(H)-Co
ESURER_clean, Co-O(H)-Co
ESUSAO01_clean, Co-O(H)-Co
ESUSAO_clean, Co-O(H)-Co
ESUSIW_clean, Co-O(H)-Co
ESUSOC01_clean, Co-O(H)-Co
ESUSOC02_clean, Co-O(H)-Co
ESUSOC_clean, Co-O(H)-Co
ESUTAP_clean, Co-O(H)-Co
ESUTIX_clean, Co-O(H)-Co
ESUVAR01_clean, Co-O(H)-Co
ESUVAR02_clean, Co-O(H)-Co
ESUVAR_clean, Co-O(H)-Co
ESUVOF_clean, Co-O(H)-Co
ETEMIB_clean, Co-O(H)-Co
EXEQAA_clean, Sc-O(H)-Sc
EXEQII_SL, Sc-O(H)-Sc
EXIBUI_clean, Ba-O(H)-Ba
FAFDEX_clean, K-O(H)-Mn
FAFQEJ01_clean, Er-O(H)-Er
FAGREM_clean, Zn-O(H)-Zn
FAHQIR_clean, Co-O(H)-Co
FAPXEC_clean, V-O(H)-V
FAQLUH_clean, V-O(H)-V
FEQSIF_clean, Co-O(H)-Co
FEWQIJ_manual, Dy-O(H)-Dy
FIHLOZ_clean, Co-O(H)-Co
FIJCUX01_clean, Zn-O(H)-Zn
FIJGEK_clean, Al-O(H)-Al
FIMXUW_clean, La-O(H)-La
FIRZOX_clean, Ce-O(H)-Ce
FODZUU_clean, Al-O(H)-Al
FOGFAK_clean, Zn-O(H)-Zn
FOHSAW01_clean, Sr-O(H)-Sr
FOJKIA_clean, Mg-O(H)-Mg
FONPUV_clean, Zn-O(H)-Zn
FOQPAE_clean, Cu-O(H)-Cu
FOXNIQ_clean, Gd-O(H)-Gd
FUJKUS_clean, Co-O(H)-Co
FULQUZ_clean, La-O(H)-La
FUMHOL_clean, Sm-O(H)-Cs
FURSES_clean, Cu-O(H)-Cu
FUSGOR_clean, Co-O(H)-Co
FUWYAY_clean, Mn-O(H)-Mn
FUXXIH_clean, Ni-O(H)-Ni
GADRAH_clean, Co-O(H)-Co, Na-O(H)-Na
GALCAZ_clean, Zn-O(H)-Zn
GAXWEJ_clean, Ba-O(H)-Zn
GAYTEH_ion_b, Cu-O(H)-Cu
GECRAI_charged, V-O(H)-V
GEDDAW_clean, Co-O(H)-Co
GEDDEA_clean, Ni-O(H)-Ni
GEHSAN_clean, Ca-O(H)-Ca
GEKVEZ_clean, Yb-O(H)-Cs
GETXAG01_clean, Co-O(H)-Co
GIKMOD_clean, Cu-O(H)-Cu
GIRYEN_clean, Zn-O(H)-Zn
GIRYIR_clean, Zn-O(H)-Zn
GIRYOX_clean, Zn-O(H)-Zn
GIRYUD_clean, Zn-O(H)-Zn
GIRZAK_clean, Zn-O(H)-Zn
GIZVER_clean, Co-O(H)-Co
GOGSIF_clean, Co-O(H)-Co
GOKBUE_clean, Cu-O(H)-Cu
GOMPOO_clean, Al-O(H)-Al
GURTIX_charged, In-O(H)-In
GUSNEN01_SL, Cr-O(H)-Cr
GUSNEN_SL, Cr-O(H)-Cr
GUXQAR_clean, V-O(H)-V
HAFVUH_SL, Mg-O(H)-Mg
HAJYEZ_clean, Ni-O(H)-Ni
HALVAU_clean, Ni-O(H)-Ni
HAPGIR_clean, Mn-O(H)-Mn
HAWREE_clean, Mn-O(H)-Mn
HAZNED_clean, Cd-O(H)-Cd
HAZNIH_clean, Cd-O(H)-Cd
HAZNON_clean, Cd-O(H)-Cd
HEZPIL01_clean, V-O(H)-V
HICWIB_clean, K-O(H)-Co
HIFGIO_SL, Zn-O(H)-Zn
HISGAT_clean, K-O(H)-K
HISJAW_clean, Co-O(H)-Co
HIWXER01_SL, Zn-O(H)-Zn
HIWXER_clean, Zn-O(H)-Zn
HOKGUJ_clean, Co-O(H)-Co
HOWROC_clean, Ba-O(H)-Ba
HOXSUK_clean, Ni-O(H)-Ni
HUDWUA_clean, Cu-O(H)-Cu
HUHBET_clean, Na-O(H)-Na
HUHJOL_clean, Na-O(H)-Na
HURFEH_clean, Zn-O(H)-Zn
HURFUX_clean, Zn-O(H)-Zn
HURGAE_clean, Zn-O(H)-Zn
HUTZEB_clean, Na-O(H)-Zn
IBOZIK_clean, Cu-O(H)-Cu
ic060771psi20060614_113937_clean, V-O(H)-V
ic400607w_si_001_clean, Zn-O(H)-Zn
ic401474f_si_002_clean, K-O(H)-K
ic402280p_si_002_clean, Cu-O(H)-Cu
ic502042h_si_002_clean, Dy-O(H)-Dy
ic502730y_si_002_clean, V-O(H)-V
ic5b00096_auto, Zr-O(H)-Zr
ic5b00535_si_002_clean, Zr-O(H)-Zr
IDIWUN_clean, Zn-O(H)-Zn
IDIXAU_clean, Zn-O(H)-Zn
IFENOY01_SL, Zn-O(H)-Zn
IFENOY02_SL, Zn-O(H)-Zn
IFENOY_clean, Zn-O(H)-Zn
IFEPUG_SL, Zn-O(H)-Zn
IFEQAN_SL, Zn-O(H)-Zn
IFEQIV_SL, Zn-O(H)-Zn
IHIWIF_clean, Ba-O(H)-Ba
IHOTEG_clean, Mg-O(H)-Mg
IJEXIF01_clean, Zn-O(H)-Zn
IJEXIF_clean, Zn-O(H)-Zn
IJEXUR_clean, Zn-O(H)-Zn
IKEZED_clean, Zn-O(H)-Zn
IKOPEF_clean, Cu-O(H)-Cu
IQABEJ_clean, Co-O(H)-Co
IREKUN_clean, Zn-O(H)-Zn
ITIPOS_clean, Cu-O(H)-Cu, Cu-O(H)-Ca
ja076167asi20070815_063752_clean, Zn-O(H)-Zn
ja4050828_auto, Zr-O(H)-Zr
ja500330a_si_005_clean, Zr-O(H)-Zr
ja500330a_si_006_auto, Zr-O(H)-Zr
ja500330a_si_007_auto, Zr-O(H)-Zr
ja500330a_si_009_auto, Zr-O(H)-Zr
ja507947d_si_001_auto, Zr-O(H)-Zr
ja5103103_si_002_auto, Zr-O(H)-Zr
ja5111317_ja5111317_si_002_auto, Zr-O(H)-Zr
ja512762r_si_002_auto, Zr-O(H)-Zr
ja512973b_si_002_auto, Zr-O(H)-Zr
ja512973b_si_003_auto, Zr-O(H)-Zr
ja512973b_si_004_auto, Zr-O(H)-Zr
ja512973b_si_005_auto, Zr-O(H)-Zr
JEBDOK_clean, In-O(H)-In
JENKET_SL, Zn-O(H)-Zn
JENKIX_SL, Zn-O(H)-Zn
JEXSOV_clean, Nd-O(H)-Nd
JITPOS_SL, Zn-O(H)-Zn
JOCWIJ_clean, Cu-O(H)-Cu
JUKNUA_clean, Cu-O(H)-Cu
JUSHAI_clean, Co-O(H)-Co
JUXFAL_clean, Tb-O(H)-Tb
jz4002345_si_002_clean, Zr-O(H)-Zr
jz4002345_si_003_clean, Zr-O(H)-Zr
jz4002345_si_004_clean, Zr-O(H)-Zr
jz4002345_si_005_clean, Ti-O(H)-Ti
jz4002345_si_006_clean, Hf-O(H)-Hf
KAFYAT_clean, Zn-O(H)-Zn
KALFEK_clean, Ni-O(H)-Ni
KALFOU_clean, Ni-O(H)-Ni
KALGEL_clean, Ni-O(H)-Ni
KAWBOB_clean, Mn-O(H)-Mn
KEDQAN_clean, Zn-O(H)-Zn
KIDDIM_clean, Cd-O(H)-Cd
KIPZEQ_clean, Co-O(H)-Co
KOHKIC_clean, Zn-O(H)-Zn
KOHKOI_clean, Zn-O(H)-Zn
KOJTOU_clean, Ni-O(H)-Ni
KOMVIT_clean, K-O(H)-K
KORMOV_clean, Co-O(H)-Co
KUCDOD_clean, Cu-O(H)-Cu
KUDWAJ_clean, Cu-O(H)-Cu
KUXLUL_clean, Cu-O(H)-Cu
LASMAV_neutral, Co-O(H)-Co
LECFAC_clean, Cu-O(H)-Cu
LECFEG_clean, Cu-O(H)-Cu
LECGIL_clean, Cu-O(H)-Cu
LEVYOC_clean, Co-O(H)-Co
LEYYET_clean, Al-O(H)-Al
LIHRIE_clean, Zn-O(H)-Zn
LIJXEI_clean, Cd-O(H)-Cd
LIRTEM_SL, Cd-O(H)-Cd
LITCIC_clean, Ni-O(H)-Ni
LOMLUV_clean, Ga-O(H)-Ga
LOQLEJ_manual, In-O(H)-In
LOQLIN_SL, Ga-O(H)-Ga
LORMOW_clean, Cd-O(H)-Cd
LORROB_clean, Eu-O(H)-Eu
LUJBAV_clean, Co-O(H)-Co
LUPYAX_clean, Zn-O(H)-Zn
LUZJAT_clean, Zn-O(H)-Zn
MAFZOK_clean, Zn-O(H)-Zn
MAQZOV_clean, Co-O(H)-Co
MARNOL_clean, Co-O(H)-Co
MARNUR_clean, Zn-O(H)-Zn
MATPOP_clean, Tb-O(H)-Tb
MATPUV_clean, Tb-O(H)-Tb
MAYJOM_clean, In-O(H)-In
MINCER_clean, Ba-O(H)-Ba
MINVUA01_SL, Cr-O(H)-Cr
MINVUA_SL, Cr-O(H)-Cr
MISQIQ01_clean, Al-O(H)-Al
MISQIQ02_clean, Al-O(H)-Al
MISQIQ03_clean, Al-O(H)-Al
MISQIQ04_clean, Al-O(H)-Al
MISQIQ05_clean, Al-O(H)-Al
MISQIQ06_clean, Al-O(H)-Al
MISQIQ07_clean, Al-O(H)-Al
MISQIQ_clean, Al-O(H)-Al
MOGVAG_clean, Zn-O(H)-Zn
MOSGIM_clean, Zn-O(H)-Zn
MOYMET_clean, Co-O(H)-Co
MUBZOA_auto, Zr-O(H)-Zr
MUBZUG_auto, Zr-O(H)-Zr
MUGHED_clean, Zn-O(H)-Zn
MULQOA_clean, Zn-O(H)-Zn
MUVMOG_clean, Ga-O(H)-Ga
MUZRIJ_clean, Cu-O(H)-Cu
NAGBUU_clean, Co-O(H)-Co
NAKLIW_clean, Zn-O(H)-Zn
NAPNEA_clean, Zn-O(H)-Zn
NATXIR_clean, Er-O(H)-Er
NAYMOQ_clean, Na-O(H)-Na
NAYZUK_SL, In-O(H)-In
NERVEL_clean, Co-O(H)-Co
NERVOV_clean, Co-O(H)-Co
NEVVAM01_clean, Co-O(H)-Co
NEVVAM02_clean, Co-O(H)-Co
NEVVAM_clean, Co-O(H)-Co
NICJUG_clean, Ba-O(H)-Ba
NIJTOR_clean, Co-O(H)-Co
NIMWUD_clean, Cd-O(H)-Cd
NIYZIG_clean, Zn-O(H)-Zn
NOHSUA_clean, Ca-O(H)-Ca
NOQPAM_clean, Ba-O(H)-Ba
NORBUT_clean, Ba-O(H)-Ba
NORGOS_clean, Ba-O(H)-Ba
NUDLIJ_clean, Mg-O(H)-Mg
NUDMAC_clean, Mg-O(H)-Mg
NUDMEG_clean, Mg-O(H)-Mg
NUDMOQ_clean, Mg-O(H)-Mg
NUDMUW_clean, Mg-O(H)-Mg
NUDNEH_clean, Mg-O(H)-Mg
NUFBOH_clean, Zn-O(H)-Zn
OBOGUK_clean, Zn-O(H)-Zn
OBUFIB_SL, Zn-O(H)-Zn
OCUPUY_clean, V-O(H)-V
OCUQIN_clean, V-O(H)-V
OCUQOT_clean, V-O(H)-V
OCUQUZ_clean, V-O(H)-V
OCURAG_clean, V-O(H)-V
OCUSOV_clean, V-O(H)-V
OCUTEM_clean, V-O(H)-V
ODODIW_clean, Zn-O(H)-Zn
OFUYUL_SL, Zn-O(H)-Zn
OGAQES_clean, Ba-O(H)-Ba
OGUPIQ_clean, Co-O(H)-Co
OKELIB_clean, Ni-O(H)-Ni
OKINIG_clean, Li-O(H)-Li
OKITAE_clean, Cd-O(H)-Cd
OLONAG_clean, Sr-O(H)-Sr
OMEWUZ_clean, Ba-O(H)-Ba
OPINIL_clean, Dy-O(H)-Cs
OPIXUI_clean, Cu-O(H)-Cu
OPIYAP_clean, Cu-O(H)-Cu
ORULEU_clean, Co-O(H)-Co
OTECAT_clean, Al-O(H)-Al
OTEGUR_clean, In-O(H)-In
OTEHAY_clean, In-O(H)-In
OTIBUQ_clean, Al-O(H)-Al
OVIZOJ_clean, Ni-O(H)-Ni
OWIHEJ_clean, In-O(H)-In
OWIHIN_clean, In-O(H)-In
OWIHUZ_clean, In-O(H)-In
OWIJAH_clean, In-O(H)-In
OWIJEL_clean, In-O(H)-In
OWIJIP_clean, In-O(H)-In
OWIJOV_clean, In-O(H)-In
OXALUV_SL, In-O(H)-In
OXAZIX_clean, Pr-O(H)-Pr
OXOLAP_SL, Zr-O(H)-Zr
OXUNEB_clean, Mo-O(H)-Mo
OYEWIA_clean, Al-O(H)-Al
PASNAA01_clean, Co-O(H)-Co
PASNAA_clean, Co-O(H)-Co
PEWGEF_clean, Cu-O(H)-Cu
PIKBUH_clean, Rb-O(H)-Rb
POBYAH_charged, Ni-O(H)-Ni
POCPAZ_clean, Co-O(H)-Co
POLBAT_clean, Ga-O(H)-Ga
PORVID_clean, Cu-O(H)-Cu
PUNFIO_clean, Cd-O(H)-Cd
PUQHEP_clean, Co-O(H)-Co
PUQHIT_SL, Zn-O(H)-Zn
PUWCOZ_clean, Ni-O(H)-Ni
QALGUH_SL, Cr-O(H)-Cr
QANSUV_clean, Cu-O(H)-Cu
QEBKUF_SL, Zn-O(H)-Zn
QEWDON_clean, Zn-O(H)-Zn
QIQTAN_clean, Ni-O(H)-Ni
QIRYAS_clean, Co-O(H)-Co
QISKIN_clean, K-O(H)-K
QITDII_clean, Mn-O(H)-Mn
QIWPET_clean, Mg-O(H)-Mg
QOHYET_clean, Ce-O(H)-Ce
QOMDUS_clean, Zn-O(H)-Zn
QONQEQ_manual, Al-O(H)-Al
QOPHEI_clean, Co-O(H)-Co
QOTWON_clean, Mn-O(H)-Mn
QOVWOO01_clean, Ga-O(H)-Ga
QOVWOO_SL, Ga-O(H)-Ga
QOXNIB_clean, Cu-O(H)-Cu
QOYLOG_clean, Ni-O(H)-Ni
QUFKIN_clean, Co-O(H)-Co
QUFTAM_clean, Na-O(H)-Cu
QULMIU_clean, In-O(H)-In
QUQHAM_clean, Cu-O(H)-Cu
QUSSII_clean, Zn-O(H)-Zn
QUTTII_clean, Co-O(H)-Co
QUZZES_clean, Mg-O(H)-Mg
RAJFAM_clean, Co-O(H)-Co
RAJFEQ_clean, Co-O(H)-Co
REDROI_clean, Zn-O(H)-Zn
REGJIW01_clean, Co-O(H)-Co
REGJIW02_clean, Co-O(H)-Co
REGJIW_clean, Co-O(H)-Co
RIGVOU_clean, Eu-O(H)-Eu
ROGSAI_clean, Ni-O(H)-Ni
ROJNEJ_clean, V-O(H)-V
RUBTAK01_SL, Zr-O(H)-Zr
RUBTAK03_auto, Zr-O(H)-Zr
RUFZID_clean, Cu-O(H)-Cu
RUHCED_SL, Ga-O(H)-Ga
RUJGOT_clean, Mn-O(H)-Mn
SABVOH01_clean, Al-O(H)-Al
SABVOH_manual, Al-O(H)-Al
SABVUN_clean_h_min, Al-O(H)-Al
SABWAU01_clean, Al-O(H)-Al
SABWAU_SL, Al-O(H)-Al
SADMUH_SL, Fe-O(H)-Fe
SAHXAD_clean, Zn-O(H)-Zn
SETQOZ_SL, Fe-O(H)-Fe
SETQUF_SL, Fe-O(H)-Fe
SICDAL_clean, Ga-O(H)-Ga
SIKJOM_clean, Cu-O(H)-Cu
SISFEH_clean, Sr-O(H)-Sr
SISPUH_clean, Gd-O(H)-Gd
SISQAO_clean, Eu-O(H)-Eu
SISQES_clean, Sm-O(H)-Sm
SISQIW_clean, Nd-O(H)-Nd
SIWTEZ_clean, Co-O(H)-Co
SODQOT_clean, Cu-O(H)-Cu
SODXUG_clean, Co-O(H)-Co
TAKTIL_clean, Ga-O(H)-Ga
TAKTOR_clean, Fe-O(H)-Fe
TAKVAF_clean, Fe-O(H)-Fe
TAKZEN_clean, Zn-O(H)-Zn
TAWHOO_clean, Al-O(H)-Al
TIJPOT_clean, Cu-O(H)-Cu
TIQGEG01_clean, Cu-O(H)-Cu
TIQGEG_clean, Cu-O(H)-Cu
TIQGIK_clean, Cu-O(H)-Cu
TIVFAG_clean, Cu-O(H)-Cu
TIVFEK_clean, Cu-O(H)-Cu
TIVFIO_clean, Cu-O(H)-Cu
TOJVIZ_clean, Co-O(H)-Co
TOLGOR_clean, Cd-O(H)-Cd
TONMAM_clean, Ba-O(H)-Ba
TONMEQ_clean, Ba-O(H)-Ba
TOXMUQ_clean, Al-O(H)-Al
TOXNEB_clean, Al-O(H)-Al
TOXNIF_clean, Al-O(H)-Al
TUGFAE_clean, Ni-O(H)-Ni
TUGTAR_clean, Cu-O(H)-Cu
UCEGAM_clean, Eu-O(H)-Cs
UCEGEQ_clean, Tb-O(H)-Cs
UFITEJ_clean, Fe-O(H)-Fe
UGEPEB01_clean, Cu-O(H)-Cu
UGEPEB_clean, Cu-O(H)-Cu
UMABIV_clean, Cd-O(H)-Cd
UMARAC_charged, Cu-O(H)-Cu
UMELAB_clean, Sm-O(H)-Sm
UMEPOT_clean, Nd-O(H)-Nd
UMEXUF01_clean, Zn-O(H)-Zn
UMEXUF_clean, Zn-O(H)-Zn
UMIZEX_clean, Gd-O(H)-Gd
UNOJUD_clean, Sr-O(H)-Sr
UQULAU_clean, Co-O(H)-Co
UTACOJ_clean, Cu-O(H)-Cu, Cu-O(H)-Ba
UTOTUT01_clean, Cu-O(H)-Cu
UTULUR_SL_part, In-O(H)-In
VARWES_charged, Nd-O(H)-Nd
VARWIW_charged, Sm-O(H)-Sm
VARWOC_clean, Eu-O(H)-Eu
VARWUI_clean, Gd-O(H)-Gd
VASGUU_clean, In-O(H)-In
VASKOR_clean, Sc-O(H)-Sc
VAYFUY_clean, Co-O(H)-Co
VEDFAN_clean, Co-O(H)-Co
VEDFIV_clean, Co-O(H)-Co
VEDFOB_clean, Co-O(H)-Co
VEDFUH_clean, Co-O(H)-Co
VEDGAO_clean, Co-O(H)-Co
VEDGES_clean, Co-O(H)-Co
VEDGIW_clean, Co-O(H)-Co
VEFLUP_clean, Co-O(H)-Co
VEGXIQ01_clean, Mn-O(H)-Mn
VEGXIQ_clean, Mn-O(H)-Mn
VEGXOW_clean, Co-O(H)-Co
VEGXUC_clean, Ni-O(H)-Ni
VEHKIE_SL, Zn-O(H)-Zn
VEHYUE_clean, Mo-O(H)-Rb
VELVEO_clean, In-O(H)-In
VEQBID_clean, Ni-O(H)-Ni
VEXTUO_manual, Ni-O(H)-Ni
VIMRAM_clean, Cu-O(H)-Cu
VITKUG_charged, Cu-O(H)-Cu
VOCCOH_clean, Ni-O(H)-Ni
VOCKUT_clean, Co-O(H)-Co
VOCQAF_clean, Co-O(H)-Co
VOCQEJ_clean, Ni-O(H)-Ni
VOKJIQ_clean, Al-O(H)-Al
VOPCEK_clean, Ce-O(H)-Ce
VULFIT_clean, Co-O(H)-Co
VULFOZ_clean, Co-O(H)-Co
VUNCEM01_clean, Ga-O(H)-Ga
WAMRIN01_clean, Mg-O(H)-Mg
WAMRIN_clean, Mg-O(H)-Mg
WANRIM_clean, Al-O(H)-Al
WAQTEQ_clean, Zn-O(H)-Zn
WARWOC_clean, Sr-O(H)-Sr
WAYMEQ_SL, Al-O(H)-Al
WAYMIU_manual, Al-O(H)-Al
WAYMOA_manual, Al-O(H)-Al
WEDQED_clean, Co-O(H)-Co
WELTOX_clean, Cu-O(H)-Cu
WELTUD_charged, Cu-O(H)-Cu
WESYAV_clean, Cu-O(H)-Cu
WIHCUM_clean, Na-O(H)-Na
WIJDAV_clean, Zn-O(H)-Zn
WIJXIY_clean, Zn-O(H)-Zn
WITJOA_clean, Mn-O(H)-Mn
WIVVII_clean, Cu-O(H)-Cu
WIZMAV02_auto, Zr-O(H)-Zr
WODROY_clean, Cu-O(H)-Cu
WOHQAN_clean, Mn-O(H)-Mn
WOHSIV_clean, Cu-O(H)-Cu
WOHSOB_clean, Cu-O(H)-Cu
WOJJOV_SL, Al-O(H)-Al
WOVDES_clean, Ni-O(H)-Ni
WOWBER_clean, Cd-O(H)-Cd
WOWMEC_clean, Ni-O(H)-Ni
WUBHEI_clean, Sr-O(H)-Sr
WUXYOF_clean, Na-O(H)-Na
XADDOX_clean, Co-O(H)-Co
XAGCIS01_clean, Co-O(H)-Co
XAGCIS02_clean, Co-O(H)-Co
XAGCIS_clean, Co-O(H)-Co
XAGDAL_SL, Zn-O(H)-Zn
XAJQAC_SL, In-O(H)-In
XAJZOY_clean, Al-O(H)-Al
XALMII_clean, Co-O(H)-Co
XAPCOJ01_clean, V-O(H)-V
XAPCOJ02_clean, V-O(H)-V
XAPCOJ03_clean, V-O(H)-V
XAPCOJ04_clean, V-O(H)-V
XAPCOJ05_clean, V-O(H)-V
XAPCOJ06_clean, V-O(H)-V
XAPCOJ07_clean, V-O(H)-V
XAPCOJ_clean, V-O(H)-V
XAXQEU_SL, In-O(H)-In
XENMIO_SL, Zn-O(H)-Zn
XENMOU_SL, Zn-O(H)-Zn
XEZRIF_clean, Sr-O(H)-Sr
XICYEP_SL, Hf-O(H)-Hf
XICYIT_SL, Zr-O(H)-Zr
XOFPEP01_clean, U-O(H)-U
XOKHAH_clean, Zn-O(H)-Zn
XOLYUS_clean, Co-O(H)-Co
XOMCIN_clean, Ni-O(H)-Ni
XOQXOR_SL, Zn-O(H)-Zn
XOVXAI_clean, Co-O(H)-Co
XOVXEM_clean, Cd-O(H)-Cd
XOVYIR_clean, Mn-O(H)-Mn
XUMVOS_clean, Ba-O(H)-Ba
XUPSAE_clean, Al-O(H)-Al
YAGRON_clean, Ga-O(H)-Ga
YAXBOP_SL, Fe-O(H)-Fe
YEKQOW_clean, Zn-O(H)-Zn
YEYFEP_clean, Ho-O(H)-Ho
YIXYUB_clean, Cd-O(H)-Cd
YIXZEM_clean, Cd-O(H)-Cd
YOCCIE_clean, Zn-O(H)-Zn
YONNAR_clean, Zn-O(H)-Zn
YORZAH_clean, Sr-O(H)-Sr
YOTRUW_clean, Ba-O(H)-Ba
YOTSAD_clean, Ba-O(H)-Ba
YUBGIN_clean, U-O(H)-U
YUBGUZ_clean, U-O(H)-U
YUFLIW_clean, Mg-O(H)-Mg
YUJNIB_clean, Sr-O(H)-Sr
YULNOK_clean, Cu-O(H)-Cu
YUMJAS_clean, Mo-O(H)-Mo
YUNJEX_clean, Cu-O(H)-Cu
YUNJIB_clean, Cu-O(H)-Cu
YUNKIC_charged, Cu-O(H)-Cu
YUSGID_clean, Zn-O(H)-Zn
YUSGOJ_SL, Zn-O(H)-Zn
ZALMIL_clean, Co-O(H)-Co
ZAQZOG_clean, V-O(H)-V
ZEDHIB_clean, Zn-O(H)-Zn
ZEDQOQ_clean, Sr-O(H)-Sr
ZEFLAZ01_clean, Co-O(H)-Co
ZOZPUB_clean, Co-O(H)-Co
ZUBCEG_clean, Ba-O(H)-Ba
ZUZZEB_clean, Yb-O(H)-Yb
Periodic_10_00 (35.349), Zr-O(H)-Zr
Periodic_03_00 (35.647), Zr-O(H)-Zr